{
    "epoch": 11.0,
    "eval_loss": 0.2628188133239746,
    "eval_runtime": 4484.4888,
    "eval_samples_per_second": 1.938,
    "eval_steps_per_second": 0.121,
    "eval_wer": 6.598745817992301
}